{
    "entradas": 2,
    "capas": [
        {
            "neuronas": [
                {
                    "pesos": [
                        [
                            -0.8838443201427963
                        ],
                        0.301861096728369,
                        -0.09700418085939178
                    ]
                },
                {
                    "pesos": [
                        [
                            -0.9524777415156829
                        ],
                        -0.35954086296275434,
                        -0.25015955333680795
                    ]
                }
            ]
        },
        {
            "neuronas": [
                {
                    "pesos": [
                        [
                            -0.5828290961410147
                        ],
                        0.40610180992975464,
                        -0.08723887791562723
                    ]
                },
                {
                    "pesos": [
                        [
                            -0.8573001047530051
                        ],
                        0.1477309748477078,
                        0.9074459592938713
                    ]
                }
            ]
        }
    ]
}