{
    "entradas": 2,
    "capas": [
        {
            "neuronas": [
                {
                    "pesos": [
                        0.08969117540009508,
                        0.1911993114517343
                    ]
                },
                {
                    "pesos": [
                        0.9505511454989388,
                        0.6441213572436573
                    ]
                }
            ]
        },
        {
            "neuronas": [
                {
                    "pesos": [
                        0.14838439278202942,
                        -0.22148060957360927
                    ]
                },
                {
                    "pesos": [
                        -0.8843721535512004,
                        0.8289209232163632
                    ]
                }
            ]
        }
    ]
}