{
    "entradas": 2,
    "capas": [
        {
            "neuronas": [
                {
                    "pesos": [
                        -0.9633038705127712,
                        0.8870168358053145,
                        -0.20538544636610268
                    ]
                },
                {
                    "pesos": [
                        -0.28894357178314223,
                        0.3890749122423709,
                        -0.3121330545868284
                    ]
                }
            ]
        },
        {
            "neuronas": [
                {
                    "pesos": [
                        -0.37788359609709654,
                        -0.7967644956872764,
                        -0.21994697024068843
                    ]
                },
                {
                    "pesos": [
                        -0.6208671227570343,
                        0.9125765515905209,
                        -0.3915850869071731
                    ]
                }
            ]
        }
    ]
}