{
    "entradas": 2,
    "capas": [
        {
            "neuronas": [
                {
                    "pesos": [
                        -0.7375907031143634,
                        -0.8723468145766988,
                        -0.980182443531812
                    ]
                },
                {
                    "pesos": [
                        -0.9005962309116796,
                        0.8042947526201276,
                        0.3336830083986406
                    ]
                }
            ]
        },
        {
            "neuronas": [
                {
                    "pesos": [
                        -0.7044491127281226,
                        -0.08626087767438961,
                        -0.28300373171033777
                    ]
                },
                {
                    "pesos": [
                        -0.15345170717633838,
                        -0.05694272229805519,
                        -0.18633674161365432
                    ]
                }
            ]
        }
    ]
}