{
    "entradas": 2,
    "capas": [
        {
            "neuronas": [
                {
                    "pesos": [
                        -0.2691743678825218,
                        -0.6167530004561141,
                        0.36040594112132807
                    ]
                },
                {
                    "pesos": [
                        -0.505401542077316,
                        -0.3539426637885221,
                        0.1323584180140236
                    ]
                }
            ]
        },
        {
            "neuronas": [
                {
                    "pesos": [
                        -0.38600175844421125,
                        -0.97990346528234,
                        0.16581818562865136
                    ]
                },
                {
                    "pesos": [
                        -0.737720955035039,
                        0.9008380220540926,
                        0.27332695191447565
                    ]
                }
            ]
        }
    ]
}