{
    "entradas": 2,
    "capas": [
        {
            "neuronas": [
                {
                    "pesos": [
                        -0.0772216348024467,
                        -0.3244479731105778,
                        -0.73218848422015
                    ]
                },
                {
                    "pesos": [
                        -0.47191536567849335,
                        -0.339491093008931,
                        -0.1255680597707436
                    ]
                }
            ]
        }
    ]
}