{
    "entradas": 2,
    "capas": [
        {
            "neuronas": [
                {
                    "pesos": [
                        -1.2191640251321423,
                        0.045198214951215246
                    ]
                },
                {
                    "pesos": [
                        1.161358490147382,
                        0.33219990079222017
                    ]
                }
            ]
        },
        {
            "neuronas": [
                {
                    "pesos": [
                        -0.8977541288673198,
                        1.1636568856617933
                    ]
                },
                {
                    "pesos": [
                        0.5215374018536648,
                        0.5937778976561476
                    ]
                }
            ]
        }
    ]
}