{
    "entradas": 2,
    "capas": [
        {
            "neuronas": [
                {
                    "pesos": [
                        -0.7649821160803437,
                        -0.12058593543383368,
                        1.3625906432663206
                    ]
                },
                {
                    "pesos": [
                        -0.4306680251409209,
                        -0.10953941410655951,
                        0.968715925259024
                    ]
                }
            ]
        },
        {
            "neuronas": [
                {
                    "pesos": [
                        -1.6030554961798933,
                        0.8202267977175932,
                        0.5379146428294073
                    ]
                },
                {
                    "pesos": [
                        -0.3049587306896687,
                        0.023886210343985186,
                        0.5659890546507825
                    ]
                }
            ]
        }
    ]
}