{
    "entradas": 2,
    "capas": [
        {
            "neuronas": [
                {
                    "pesos": [
                        -0.4053896379782324,
                        0.4936523938066099,
                        0.7027033615272439
                    ]
                },
                {
                    "pesos": [
                        -0.07217897947900613,
                        -1.0662194326336198,
                        -0.4626479010554579
                    ]
                }
            ]
        },
        {
            "neuronas": [
                {
                    "pesos": [
                        -0.8420369112401874,
                        0.5716933026895223,
                        -1.5554005298218023
                    ]
                },
                {
                    "pesos": [
                        -0.5190313505020749,
                        0.9325260376499798,
                        0.009879523655046487
                    ]
                }
            ]
        }
    ]
}