{
    "entradas": 2,
    "capas": [
        {
            "neuronas": [
                {
                    "pesos": [
                        -0.12257213430961465,
                        0.7173803524541073,
                        -0.29092140039764963
                    ]
                },
                {
                    "pesos": [
                        0.5606186046271986,
                        -1.4049337741253372,
                        -1.0477229324344923
                    ]
                }
            ]
        },
        {
            "neuronas": [
                {
                    "pesos": [
                        -0.4842590857289767,
                        0.2734170130585224,
                        -2.2073343420305984
                    ]
                },
                {
                    "pesos": [
                        0.25064622883445026,
                        -0.2967719627180544,
                        -0.29399361451819084
                    ]
                }
            ]
        }
    ]
}