{
    "entradas": 2,
    "capas": [
        {
            "neuronas": [
                {
                    "pesos": [
                        -0.44008198202057963,
                        -1.103531195188436,
                        0.3074702297549578
                    ]
                },
                {
                    "pesos": [
                        -0.18277603058710282,
                        -0.27663367506386033,
                        -1.5329004319806299
                    ]
                }
            ]
        },
        {
            "neuronas": [
                {
                    "pesos": [
                        -0.4356415220920893,
                        -0.5743275939144695,
                        -1.9082920084884285
                    ]
                },
                {
                    "pesos": [
                        -0.32845685622985965,
                        0.6744243603619372,
                        0.40974780284142454
                    ]
                }
            ]
        }
    ]
}