{
    "entradas": 2,
    "capas": [
        {
            "neuronas": [
                {
                    "pesos": [
                        -0.8506941505955009,
                        0.6663400042645358,
                        1.2841400866683865
                    ]
                },
                {
                    "pesos": [
                        -0.5449213174164297,
                        -0.9902754239070344,
                        -0.8720229218888095
                    ]
                }
            ]
        },
        {
            "neuronas": [
                {
                    "pesos": [
                        -1.4494798975564582,
                        1.2238154716123206,
                        -0.8800887217874873
                    ]
                },
                {
                    "pesos": [
                        0.12716506965546484,
                        -0.012436719005926418,
                        -0.6697415577546783
                    ]
                }
            ]
        }
    ]
}