{
    "entradas": 2,
    "capas": [
        {
            "neuronas": [
                {
                    "pesos": [
                        -0.6749969208881521,
                        0.4590978704780589,
                        1.0872812904522342
                    ]
                },
                {
                    "pesos": [
                        0.6173879758738527,
                        -1.3190224374660813,
                        -0.9204998865577018
                    ]
                }
            ]
        },
        {
            "neuronas": [
                {
                    "pesos": [
                        -0.8537523546243585,
                        1.0517959029614588,
                        -2.0115872557930112
                    ]
                },
                {
                    "pesos": [
                        -0.18274376083222654,
                        0.10521550195715806,
                        0.3131885082383439
                    ]
                }
            ]
        }
    ]
}