{
    "entradas": 2,
    "capas": [
        {
            "neuronas": [
                {
                    "pesos": [
                        -0.6207974326880873,
                        -0.008752254176590913,
                        0.8681185898850409
                    ]
                },
                {
                    "pesos": [
                        -0.29364633030250387,
                        0.9762913825547721,
                        0.06044466525304374
                    ]
                }
            ]
        },
        {
            "neuronas": [
                {
                    "pesos": [
                        -1.7541178429380218,
                        0.7087473255926309,
                        0.8867000596440289
                    ]
                },
                {
                    "pesos": [
                        -0.35588464136079623,
                        0.18809602601985662,
                        0.4744587374238869
                    ]
                }
            ]
        }
    ]
}