{
    "entradas": 2,
    "capas": [
        {
            "neuronas": [
                {
                    "pesos": [
                        -0.7217969836267406,
                        0.340860819974193,
                        0.23377238977964884
                    ]
                },
                {
                    "pesos": [
                        -0.578672443733654,
                        0.8711035324500809,
                        -0.25820997514052
                    ]
                }
            ]
        },
        {
            "neuronas": [
                {
                    "pesos": [
                        -1.3507385184143028,
                        0.5520842911472739,
                        0.3296052199406059
                    ]
                },
                {
                    "pesos": [
                        -0.30011732356824716,
                        0.27396205746532065,
                        0.4263540533725379
                    ]
                }
            ]
        }
    ]
}