{
    "entradas": 2,
    "capas": [
        {
            "neuronas": [
                {
                    "pesos": [
                        -0.8990630829450686,
                        0.45236047307468574,
                        1.2310552334185776
                    ]
                },
                {
                    "pesos": [
                        -0.6350191640325147,
                        0.5976472902761284,
                        -1.9519097104436238
                    ]
                }
            ]
        },
        {
            "neuronas": [
                {
                    "pesos": [
                        -1.125485049979552,
                        1.011214613423473,
                        -1.4840712847675783
                    ]
                },
                {
                    "pesos": [
                        -0.27585378966920693,
                        0.07082451861169821,
                        0.9624889226984291
                    ]
                }
            ]
        }
    ]
}