{
    "entradas": 2,
    "capas": [
        {
            "neuronas": [
                {
                    "pesos": [
                        -0.27621761442687914,
                        -0.45990537087873984,
                        -0.8895767500632773
                    ]
                },
                {
                    "pesos": [
                        -0.24883061828894038,
                        -0.3910610995737829,
                        -0.9916701249079565
                    ]
                }
            ]
        },
        {
            "neuronas": [
                {
                    "pesos": [
                        -0.5496112782640099,
                        -0.8152621695976044,
                        -1.1662119794265324
                    ]
                },
                {
                    "pesos": [
                        0.025379085843817158,
                        -0.5800336624975728,
                        0.4814866994593548
                    ]
                }
            ]
        }
    ]
}