{
    "entradas": 2,
    "capas": [
        {
            "neuronas": [
                {
                    "pesos": [
                        -0.006978416221717619,
                        -0.264318620643618,
                        -1.4926391686393852
                    ]
                },
                {
                    "pesos": [
                        -0.4263023675729821,
                        0.601510549995369,
                        -0.03351912521535196
                    ]
                }
            ]
        },
        {
            "neuronas": [
                {
                    "pesos": [
                        -0.6323187605592927,
                        -1.6292501429062203,
                        0.15738320583305498
                    ]
                },
                {
                    "pesos": [
                        -0.16341812434851083,
                        0.21152552759479526,
                        0.19564856179023762
                    ]
                }
            ]
        }
    ]
}