{
    "entradas": 2,
    "capas": [
        {
            "neuronas": [
                {
                    "pesos": [
                        1.2939784564016306,
                        0.8994059778708919
                    ]
                },
                {
                    "pesos": [
                        0.31961199089659575,
                        -0.9398444838523418
                    ]
                }
            ]
        },
        {
            "neuronas": [
                {
                    "pesos": [
                        1.4810574672024914,
                        -0.8425472425981082
                    ]
                },
                {
                    "pesos": [
                        -0.15789478587300543,
                        0.4315511053869163
                    ]
                }
            ]
        }
    ]
}