{
    "entradas": 2,
    "capas": [
        {
            "neuronas": [
                {
                    "pesos": [
                        -0.7048016320072106,
                        0.40154939037580833,
                        -1.3840406544199182
                    ]
                },
                {
                    "pesos": [
                        0.0006091205190841796,
                        -0.5052744488970066,
                        -0.705614273029844
                    ]
                }
            ]
        },
        {
            "neuronas": [
                {
                    "pesos": [
                        -0.5909289811262698,
                        -0.7273794528638384,
                        -0.9386349892913847
                    ]
                },
                {
                    "pesos": [
                        -0.3652495545693971,
                        0.6263236006726336,
                        0.5491558014066598
                    ]
                }
            ]
        }
    ]
}