{
    "entradas": 2,
    "capas": [
        {
            "neuronas": [
                {
                    "pesos": [
                        0.01532826326376212,
                        -0.6196767501210488,
                        -0.7589033215210698
                    ]
                },
                {
                    "pesos": [
                        -0.35782072215605165,
                        -0.7493574645013042,
                        -0.2996017689642435
                    ]
                }
            ]
        },
        {
            "neuronas": [
                {
                    "pesos": [
                        -0.5386628011823984,
                        -1.0428914702653234,
                        -0.7403141285562166
                    ]
                },
                {
                    "pesos": [
                        -0.2057924530462218,
                        -0.005874055797255057,
                        0.6719119038087041
                    ]
                }
            ]
        }
    ]
}