{
    "entradas": 2,
    "capas": [
        {
            "neuronas": [
                {
                    "pesos": [
                        -0.1748467492742235,
                        -0.15370125080475905,
                        -1.4205392444774891
                    ]
                },
                {
                    "pesos": [
                        0.11205734837093456,
                        -1.9871095400697392,
                        -0.07219190575164179
                    ]
                }
            ]
        },
        {
            "neuronas": [
                {
                    "pesos": [
                        -0.15174459814696745,
                        -1.3958360356027488,
                        -1.9393541371254672
                    ]
                },
                {
                    "pesos": [
                        -0.1559722898806173,
                        0.28136118085639833,
                        0.22513854411345915
                    ]
                }
            ]
        }
    ]
}