{
    "entradas": 2,
    "capas": [
        {
            "neuronas": [
                {
                    "pesos": [
                        -1.003700192518644,
                        -0.431099874453141
                    ]
                },
                {
                    "pesos": [
                        0.39987842395124634,
                        1.4871596527568616
                    ]
                }
            ]
        },
        {
            "neuronas": [
                {
                    "pesos": [
                        -1.4898092444749138,
                        1.415725132887617
                    ]
                },
                {
                    "pesos": [
                        -0.6468593425154252,
                        -0.008251686705399768
                    ]
                }
            ]
        }
    ]
}