{
    "entradas": 2,
    "capas": [
        {
            "neuronas": [
                {
                    "pesos": [
                        -0.6910853737908073,
                        0.28912358040790326,
                        0.8260162381672392
                    ]
                },
                {
                    "pesos": [
                        0.12526826262283483,
                        -0.2907410849550568,
                        -1.560745572121295
                    ]
                }
            ]
        },
        {
            "neuronas": [
                {
                    "pesos": [
                        -0.7379002882311573,
                        0.6079073878149142,
                        -1.8697094503174567
                    ]
                },
                {
                    "pesos": [
                        -0.015310585399829789,
                        -0.5090169693119415,
                        0.7493145828825418
                    ]
                }
            ]
        }
    ]
}