{
    "entradas": 2,
    "capas": [
        {
            "neuronas": [
                {
                    "pesos": [
                        0.9954154299192087,
                        0.7205903457106738
                    ]
                },
                {
                    "pesos": [
                        -0.8300748661478474,
                        -1.64348275796122
                    ]
                }
            ]
        },
        {
            "neuronas": [
                {
                    "pesos": [
                        1.3841150618633202,
                        -2.4624883564503355
                    ]
                },
                {
                    "pesos": [
                        0.27670089346631405,
                        -0.4181654354155738
                    ]
                }
            ]
        }
    ]
}