{
    "entradas": 2,
    "capas": [
        {
            "neuronas": [
                {
                    "pesos": [
                        -0.8664518396493747,
                        -0.2152928307327166
                    ]
                },
                {
                    "pesos": [
                        1.49055323929452,
                        0.7756868375950143
                    ]
                }
            ]
        },
        {
            "neuronas": [
                {
                    "pesos": [
                        -0.42024562136652716,
                        1.730672773856943
                    ]
                },
                {
                    "pesos": [
                        0.7189666559890723,
                        0.34746613076008204
                    ]
                }
            ]
        }
    ]
}