{
    "entradas": 2,
    "capas": [
        {
            "neuronas": [
                {
                    "pesos": [
                        -1.3528752355490488,
                        1.1451625070940574,
                        1.0989989301594258
                    ]
                },
                {
                    "pesos": [
                        -0.8778542889328459,
                        0.8371067152591948,
                        -1.1320102227607278
                    ]
                }
            ]
        },
        {
            "neuronas": [
                {
                    "pesos": [
                        -1.66174642026249,
                        1.699690975204034,
                        -0.2239801905418986
                    ]
                },
                {
                    "pesos": [
                        0.11150696386362446,
                        -0.6917408396953876,
                        0.6741884741343568
                    ]
                }
            ]
        }
    ]
}