{
    "entradas": 2,
    "capas": [
        {
            "neuronas": [
                {
                    "pesos": [
                        -0.06236588999812332,
                        0.15224064206747923
                    ]
                },
                {
                    "pesos": [
                        -0.9451000342862588,
                        -0.4081321529713457
                    ]
                }
            ]
        },
        {
            "neuronas": [
                {
                    "pesos": [
                        0.053367820772784944,
                        -1.054497543112021
                    ]
                },
                {
                    "pesos": [
                        0.4112019010070569,
                        -0.39282398104727195
                    ]
                }
            ]
        }
    ]
}