{
    "entradas": 2,
    "capas": [
        {
            "neuronas": [
                {
                    "pesos": [
                        -0.769576343873032,
                        -0.556689463606151
                    ]
                },
                {
                    "pesos": [
                        1.0313560693117318,
                        0.9057654261154867
                    ]
                }
            ]
        },
        {
            "neuronas": [
                {
                    "pesos": [
                        -1.7171749459421644,
                        1.4598497700062412
                    ]
                },
                {
                    "pesos": [
                        0.6249038990668473,
                        -0.03646309738370146
                    ]
                }
            ]
        }
    ]
}