{
    "entradas": 2,
    "capas": [
        {
            "neuronas": [
                {
                    "pesos": [
                        0.40744108330414247,
                        -0.9149424885859798,
                        -1.0296455191300613
                    ]
                },
                {
                    "pesos": [
                        -0.32359487068386267,
                        0.26796411281091564,
                        -0.3778705817855062
                    ]
                }
            ]
        },
        {
            "neuronas": [
                {
                    "pesos": [
                        -0.6301593127326485,
                        -1.7214112256361076,
                        0.3417411305010238
                    ]
                },
                {
                    "pesos": [
                        0.02178725275786511,
                        0.583578942398884,
                        -0.6067060133936689
                    ]
                }
            ]
        }
    ]
}