{
    "entradas": 2,
    "capas": [
        {
            "neuronas": [
                {
                    "pesos": [
                        -0.38212698866082195,
                        -0.40339994899489656,
                        -0.7855548477543319
                    ]
                },
                {
                    "pesos": [
                        -0.6681233342238342,
                        -1.7576457295257406,
                        0.5634447424687831
                    ]
                }
            ]
        },
        {
            "neuronas": [
                {
                    "pesos": [
                        -0.5836999949484416,
                        -0.7818529999851362,
                        -1.229024437938767
                    ]
                },
                {
                    "pesos": [
                        -0.306531637635053,
                        0.21870898384083848,
                        0.9610437075293694
                    ]
                }
            ]
        }
    ]
}