{
    "entradas": 2,
    "capas": [
        {
            "neuronas": [
                {
                    "pesos": [
                        0.3494694828779881,
                        -0.7728078242598293,
                        -1.1239418496980176
                    ]
                },
                {
                    "pesos": [
                        -0.7815583031016935,
                        0.5587969675177827,
                        0.041835123054568074
                    ]
                }
            ]
        },
        {
            "neuronas": [
                {
                    "pesos": [
                        -0.6422312916215966,
                        -2.004016977517532,
                        0.6932072598580434
                    ]
                },
                {
                    "pesos": [
                        -0.12783786892397248,
                        0.9008433375932008,
                        -0.5551909189675438
                    ]
                }
            ]
        }
    ]
}