{
    "entradas": 2,
    "capas": [
        {
            "neuronas": [
                {
                    "pesos": [
                        0.7832768245873857,
                        -1.14085500467721
                    ]
                },
                {
                    "pesos": [
                        -0.6819409714325343,
                        -0.4024864950471055
                    ]
                }
            ]
        },
        {
            "neuronas": [
                {
                    "pesos": [
                        -0.10107885142830582,
                        -0.10076242435982365
                    ]
                },
                {
                    "pesos": [
                        0.6739666428796446,
                        -0.5050572268406581
                    ]
                }
            ]
        }
    ]
}