{
    "entradas": 2,
    "capas": [
        {
            "neuronas": [
                {
                    "pesos": [
                        -0.11588904943872355,
                        -0.1580042124214523
                    ]
                },
                {
                    "pesos": [
                        -1.7303123130898477,
                        0.16750109569288177
                    ]
                }
            ]
        },
        {
            "neuronas": [
                {
                    "pesos": [
                        -0.25700500124724623,
                        -1.4349706231087525
                    ]
                },
                {
                    "pesos": [
                        -0.24145652168244583,
                        0.2872700422044283
                    ]
                }
            ]
        }
    ]
}