{
    "entradas": 2,
    "capas": [
        {
            "neuronas": [
                {
                    "pesos": [
                        -1.129084591258982,
                        -0.8254496385360889
                    ]
                },
                {
                    "pesos": [
                        -0.3241798199564332,
                        1.3070391255150897
                    ]
                }
            ]
        },
        {
            "neuronas": [
                {
                    "pesos": [
                        -1.8612292773256391,
                        0.9056044079939989
                    ]
                },
                {
                    "pesos": [
                        0.3827639465307867,
                        0.7941465268391465
                    ]
                }
            ]
        }
    ]
}