{
    "entradas": 2,
    "capas": [
        {
            "neuronas": [
                {
                    "pesos": [
                        -0.22821056553170044,
                        -0.49100256851050045
                    ]
                },
                {
                    "pesos": [
                        1.4530243362755977,
                        0.7198153451292588
                    ]
                }
            ]
        },
        {
            "neuronas": [
                {
                    "pesos": [
                        -0.5507733618062347,
                        1.5590341840739879
                    ]
                },
                {
                    "pesos": [
                        -0.16950905476399095,
                        0.026199757509284126
                    ]
                }
            ]
        }
    ]
}