{
    "entradas": 2,
    "capas": [
        {
            "neuronas": [
                {
                    "pesos": [
                        -0.9302298255747078,
                        -0.9402808124746559
                    ]
                },
                {
                    "pesos": [
                        -0.4439085354057737,
                        -1.1053312448326857
                    ]
                }
            ]
        },
        {
            "neuronas": [
                {
                    "pesos": [
                        -1.539164185629616,
                        -1.5257289713160687
                    ]
                },
                {
                    "pesos": [
                        0.6018730522775667,
                        0.4315180743591663
                    ]
                }
            ]
        }
    ]
}