{
    "entradas": 2,
    "capas": [
        {
            "neuronas": [
                {
                    "pesos": [
                        -1.698908645804697,
                        -0.209052267521415
                    ]
                },
                {
                    "pesos": [
                        1.1373548086159417,
                        0.9966018490690497
                    ]
                }
            ]
        },
        {
            "neuronas": [
                {
                    "pesos": [
                        -2.081799627072049,
                        1.3187610400303342
                    ]
                },
                {
                    "pesos": [
                        0.7533421858084915,
                        0.05682677350056032
                    ]
                }
            ]
        }
    ]
}