{
    "entradas": 2,
    "capas": [
        {
            "neuronas": [
                {
                    "pesos": [
                        -0.9160666910459944,
                        1.2398371762245748,
                        0.9720368665876842
                    ]
                },
                {
                    "pesos": [
                        -1.0565664379961264,
                        0.8332499611178321,
                        -0.1670110671399031
                    ]
                }
            ]
        },
        {
            "neuronas": [
                {
                    "pesos": [
                        -1.9396323276931609,
                        1.604600679975619,
                        0.4008681094733339
                    ]
                },
                {
                    "pesos": [
                        -0.29792477512247817,
                        0.42777265193114117,
                        0.15287399614215363
                    ]
                }
            ]
        }
    ]
}