{
    "entradas": 2,
    "capas": [
        {
            "neuronas": [
                {
                    "pesos": [
                        -0.45143179214016027,
                        0.9497641650128565,
                        0.16055283977284893
                    ]
                },
                {
                    "pesos": [
                        -0.7792597947380407,
                        -1.355450823862738,
                        0.35150438290562547
                    ]
                }
            ]
        },
        {
            "neuronas": [
                {
                    "pesos": [
                        -1.0964889828806046,
                        0.7186302102988767,
                        -1.2096183430298555
                    ]
                },
                {
                    "pesos": [
                        -0.3691835905611328,
                        0.24717941701803503,
                        1.0122359897914204
                    ]
                }
            ]
        }
    ]
}