{
    "entradas": 2,
    "capas": [
        {
            "neuronas": [
                {
                    "pesos": [
                        -0.5578981002433783,
                        0.3554350327846399,
                        0.8683777379430004
                    ]
                },
                {
                    "pesos": [
                        -0.7723424526762497,
                        0.2212628635966589,
                        0.8184912724751707
                    ]
                }
            ]
        },
        {
            "neuronas": [
                {
                    "pesos": [
                        -1.3771818925963926,
                        0.5458976361397698,
                        0.3839077335506901
                    ]
                },
                {
                    "pesos": [
                        -0.3476465013015807,
                        0.9755672625228474,
                        -0.38053523886421153
                    ]
                }
            ]
        }
    ]
}