{
    "entradas": 2,
    "capas": [
        {
            "neuronas": [
                {
                    "pesos": [
                        -0.3215772883448896,
                        -1.0950007451425994,
                        -1.0799280763586416
                    ]
                },
                {
                    "pesos": [
                        -0.8878702236976402,
                        0.5409518889988462,
                        1.245558183491608
                    ]
                }
            ]
        },
        {
            "neuronas": [
                {
                    "pesos": [
                        -1.405220245303278,
                        -1.1017214603970684,
                        1.2853243526098275
                    ]
                },
                {
                    "pesos": [
                        0.2984837608913679,
                        -0.7389973702544742,
                        -0.31188406048796075
                    ]
                }
            ]
        }
    ]
}