{
    "entradas": 2,
    "capas": [
        {
            "neuronas": [
                {
                    "pesos": [
                        -1.0987014634991403,
                        0.3601534632722481,
                        1.3560264521740084
                    ]
                },
                {
                    "pesos": [
                        -1.2357797875766592,
                        1.002496524797643,
                        1.1348403742554933
                    ]
                }
            ]
        },
        {
            "neuronas": [
                {
                    "pesos": [
                        -2.0588480191964034,
                        1.0562965145695962,
                        1.462136895277899
                    ]
                },
                {
                    "pesos": [
                        0.1421232957522238,
                        -0.2285491298578409,
                        -0.11623231393539565
                    ]
                }
            ]
        }
    ]
}