{
    "entradas": 2,
    "capas": [
        {
            "neuronas": [
                {
                    "pesos": [
                        -0.5874250293444145,
                        -0.18069585935739818,
                        0.9477571601906963
                    ]
                },
                {
                    "pesos": [
                        -1.1660217151153158,
                        1.1251586724918508,
                        0.9888840968501631
                    ]
                }
            ]
        },
        {
            "neuronas": [
                {
                    "pesos": [
                        -1.7119295022501024,
                        0.2854521736965125,
                        1.3795153855415176
                    ]
                },
                {
                    "pesos": [
                        0.27870715667328355,
                        -0.1904456298739174,
                        -0.41375318987450604
                    ]
                }
            ]
        }
    ]
}