{
    "entradas": 2,
    "capas": [
        {
            "neuronas": [
                {
                    "pesos": [
                        -0.43917673474141306,
                        0.15001383303508134,
                        0.19715888826782288
                    ]
                },
                {
                    "pesos": [
                        0.029173664281452703,
                        0.8120492616816498,
                        0.7493492955355091
                    ]
                }
            ]
        },
        {
            "neuronas": [
                {
                    "pesos": [
                        -1.2311422947250172,
                        0.15883466638100702,
                        0.33439773036867326
                    ]
                },
                {
                    "pesos": [
                        -0.6286683659443316,
                        0.8549697779871629,
                        0.3590014067971175
                    ]
                }
            ]
        }
    ]
}