{
    "entradas": 2,
    "capas": [
        {
            "neuronas": [
                {
                    "pesos": [
                        -1.1820075507233545,
                        -0.38618568977238815,
                        -0.3732814333320856
                    ]
                },
                {
                    "pesos": [
                        -1.0127403460177709,
                        -0.8808188739039313,
                        0.09855202579779687
                    ]
                }
            ]
        },
        {
            "neuronas": [
                {
                    "pesos": [
                        -1.0545583731248749,
                        0.2318440616085357,
                        -0.34872013501638494
                    ]
                },
                {
                    "pesos": [
                        -0.17161553059067317,
                        0.878025215190953,
                        0.08863323165777205
                    ]
                }
            ]
        }
    ]
}