{
    "entradas": 2,
    "capas": [
        {
            "neuronas": [
                {
                    "pesos": [
                        0.18326944381994117,
                        -1.2248258790582174
                    ]
                },
                {
                    "pesos": [
                        0.45002565252966203,
                        0.5854065133325752
                    ]
                }
            ]
        },
        {
            "neuronas": [
                {
                    "pesos": [
                        -0.655090887555029,
                        0.8620382489744028
                    ]
                },
                {
                    "pesos": [
                        -0.17739442883495937,
                        0.6504964093904728
                    ]
                }
            ]
        }
    ]
}