{
    "entradas": 2,
    "capas": [
        {
            "neuronas": [
                {
                    "pesos": [
                        0.49078422904896196,
                        -1.5381355405342982,
                        -0.9680111251263739
                    ]
                },
                {
                    "pesos": [
                        -0.856979637433861,
                        0.4737921956814924,
                        -0.1428463378306487
                    ]
                }
            ]
        },
        {
            "neuronas": [
                {
                    "pesos": [
                        -0.40483654027102,
                        -2.2381448940722093,
                        0.039568165500535095
                    ]
                },
                {
                    "pesos": [
                        0.1836611998420053,
                        -0.3816459446712922,
                        -0.18680056204495118
                    ]
                }
            ]
        }
    ]
}