{
    "entradas": 2,
    "capas": [
        {
            "neuronas": [
                {
                    "pesos": [
                        -0.24860655275195087,
                        -0.656214682842714
                    ]
                },
                {
                    "pesos": [
                        1.246345500012417,
                        0.951772521654537
                    ]
                }
            ]
        },
        {
            "neuronas": [
                {
                    "pesos": [
                        -0.37197639869439564,
                        1.6026773980503641
                    ]
                },
                {
                    "pesos": [
                        -0.6567436017068685,
                        0.2852806532973421
                    ]
                }
            ]
        }
    ]
}