{
    "entradas": 2,
    "capas": [
        {
            "neuronas": [
                {
                    "pesos": [
                        0.38563308260005724,
                        -1.60118931841829
                    ]
                },
                {
                    "pesos": [
                        1.1308654729612135,
                        1.2193467548015342
                    ]
                }
            ]
        },
        {
            "neuronas": [
                {
                    "pesos": [
                        -1.2941178457394917,
                        1.6154934541880528
                    ]
                },
                {
                    "pesos": [
                        0.5833308733389568,
                        0.2380955620490001
                    ]
                }
            ]
        }
    ]
}