{
    "entradas": 2,
    "capas": [
        {
            "neuronas": [
                {
                    "pesos": [
                        -0.7359652415508847,
                        0.6618991848898064,
                        -1.4522387148457288
                    ]
                },
                {
                    "pesos": [
                        -0.46794390761672583,
                        -1.6515335216382356,
                        0.2128442481488183
                    ]
                }
            ]
        },
        {
            "neuronas": [
                {
                    "pesos": [
                        -0.5515881728546594,
                        -0.6965345639246838,
                        -1.4515701270971997
                    ]
                },
                {
                    "pesos": [
                        -0.46921814498792414,
                        0.9101792829456896,
                        0.8747949651556715
                    ]
                }
            ]
        }
    ]
}