{
    "entradas": 2,
    "capas": [
        {
            "neuronas": [
                {
                    "pesos": [
                        -1.1787791044221994,
                        1.1140658318290655,
                        1.0312215333087278
                    ]
                },
                {
                    "pesos": [
                        -0.31339441815019714,
                        -0.05302445621868173,
                        -1.1380563619766548
                    ]
                }
            ]
        },
        {
            "neuronas": [
                {
                    "pesos": [
                        -1.4312464580397704,
                        1.670403732125383,
                        -1.201987556089993
                    ]
                },
                {
                    "pesos": [
                        0.1708705761344226,
                        -0.5395598396390022,
                        0.26879419382703135
                    ]
                }
            ]
        }
    ]
}