{
    "entradas": 2,
    "capas": [
        {
            "neuronas": [
                {
                    "pesos": [
                        -0.9702141024943302,
                        -0.1861873666424456,
                        0.8606357959804208
                    ]
                },
                {
                    "pesos": [
                        -0.4881301422590007,
                        -0.9090792945492638,
                        -0.6678617948341953
                    ]
                }
            ]
        },
        {
            "neuronas": [
                {
                    "pesos": [
                        -0.9843908645868247,
                        0.5037057425529781,
                        -1.1180791935135426
                    ]
                },
                {
                    "pesos": [
                        -0.40045548094906974,
                        0.7293369576195338,
                        0.6311520462704328
                    ]
                }
            ]
        }
    ]
}