{
    "entradas": 2,
    "capas": [
        {
            "neuronas": [
                {
                    "pesos": [
                        1.527227896933756,
                        0.0869798131385355
                    ]
                },
                {
                    "pesos": [
                        -0.31844070401378816,
                        -0.9636066452039512
                    ]
                }
            ]
        },
        {
            "neuronas": [
                {
                    "pesos": [
                        1.222106327102852,
                        -1.3489928655020822
                    ]
                },
                {
                    "pesos": [
                        0.5101941561359248,
                        -0.18881061451564468
                    ]
                }
            ]
        }
    ]
}