{
    "entradas": 2,
    "capas": [
        {
            "neuronas": [
                {
                    "pesos": [
                        -1.598307744179647,
                        0.03390639840635486
                    ]
                },
                {
                    "pesos": [
                        1.0443878423179347,
                        0.648914842609764
                    ]
                }
            ]
        },
        {
            "neuronas": [
                {
                    "pesos": [
                        -1.4491444121058554,
                        1.0457941927658794
                    ]
                },
                {
                    "pesos": [
                        0.6896931947970725,
                        -0.11647781245706412
                    ]
                }
            ]
        }
    ]
}