{
    "entradas": 2,
    "capas": [
        {
            "neuronas": [
                {
                    "pesos": [
                        -0.3398761212379742,
                        -1.1786331124485925,
                        -0.7418062170048667
                    ]
                },
                {
                    "pesos": [
                        -0.2080425783312123,
                        -0.4029934313610458,
                        -0.05510495897711093
                    ]
                }
            ]
        },
        {
            "neuronas": [
                {
                    "pesos": [
                        -0.7652778581602446,
                        -1.108795268790843,
                        -0.2154940908642698
                    ]
                },
                {
                    "pesos": [
                        -0.05331725020813981,
                        -0.506664820291607,
                        0.41371713479171834
                    ]
                }
            ]
        }
    ]
}