{
    "entradas": 2,
    "capas": [
        {
            "neuronas": [
                {
                    "pesos": [
                        0.16613813000829364,
                        -1.1808784650698883,
                        -0.9323718299410061
                    ]
                },
                {
                    "pesos": [
                        -0.5824919836740431,
                        0.2977506683355133,
                        1.184434700573964
                    ]
                }
            ]
        },
        {
            "neuronas": [
                {
                    "pesos": [
                        -0.9819545047332432,
                        -1.912779607603585,
                        0.954914254823618
                    ]
                },
                {
                    "pesos": [
                        -0.04254756219469126,
                        -0.0743423777395877,
                        0.10054380861711888
                    ]
                }
            ]
        }
    ]
}