{
    "entradas": 2,
    "capas": [
        {
            "neuronas": [
                {
                    "pesos": [
                        0.3948798872954241,
                        -1.0313842687467532,
                        -1.5580113153905988
                    ]
                },
                {
                    "pesos": [
                        -0.055161665155537214,
                        -0.5766246268025363,
                        -0.12131297156633067
                    ]
                }
            ]
        },
        {
            "neuronas": [
                {
                    "pesos": [
                        -0.35678840448062843,
                        -2.1041501744599103,
                        -0.37674320510753667
                    ]
                },
                {
                    "pesos": [
                        -0.19122837269504947,
                        -0.5856542588741644,
                        0.8894612098163481
                    ]
                }
            ]
        }
    ]
}