{
    "entradas": 2,
    "capas": [
        {
            "neuronas": [
                {
                    "pesos": [
                        -0.012577567871048046,
                        -0.33570978961811815,
                        -1.1424907384000829
                    ]
                },
                {
                    "pesos": [
                        -0.9298945772194686,
                        0.1237095343932099,
                        -0.2269153530895137
                    ]
                }
            ]
        },
        {
            "neuronas": [
                {
                    "pesos": [
                        -0.7106686183857307,
                        -1.2670040708875465,
                        0.1126932270918542
                    ]
                },
                {
                    "pesos": [
                        -0.43091249215997246,
                        0.6290271227358801,
                        0.7808488167175137
                    ]
                }
            ]
        }
    ]
}