{
    "entradas": 2,
    "capas": [
        {
            "neuronas": [
                {
                    "pesos": [
                        -0.3756582902532129,
                        -0.5898723216748397
                    ]
                },
                {
                    "pesos": [
                        1.6429438820578832,
                        1.521148354363881
                    ]
                }
            ]
        },
        {
            "neuronas": [
                {
                    "pesos": [
                        -1.2867100260912767,
                        2.442693373546249
                    ]
                },
                {
                    "pesos": [
                        0.22631591426654865,
                        0.826162072456566
                    ]
                }
            ]
        }
    ]
}