{
    "entradas": 2,
    "capas": [
        {
            "neuronas": [
                {
                    "pesos": [
                        -0.3083888998137556,
                        -0.6934534984498852,
                        -1.2984862958150087
                    ]
                },
                {
                    "pesos": [
                        -0.3266766542974147,
                        0.3008124411097155,
                        -1.2112341065376553
                    ]
                }
            ]
        },
        {
            "neuronas": [
                {
                    "pesos": [
                        -0.665847225197116,
                        -1.1599760778726624,
                        -0.5629205337645407
                    ]
                },
                {
                    "pesos": [
                        0.07973425602387073,
                        -0.7025142724985503,
                        0.25302887747033304
                    ]
                }
            ]
        }
    ]
}