{
    "entradas": 2,
    "capas": [
        {
            "neuronas": [
                {
                    "pesos": [
                        -0.6191948357417691,
                        0.6106777816265282,
                        -1.0362966913870348
                    ]
                },
                {
                    "pesos": [
                        0.41598507225541886,
                        -1.2440480725733385,
                        -1.3351962635202779
                    ]
                }
            ]
        },
        {
            "neuronas": [
                {
                    "pesos": [
                        -0.4058235718665035,
                        -0.2581535674892162,
                        -2.134410621890477
                    ]
                },
                {
                    "pesos": [
                        -0.01019866353021514,
                        0.5716470043357291,
                        -0.5780563044708875
                    ]
                }
            ]
        }
    ]
}