{
    "entradas": 2,
    "capas": [
        {
            "neuronas": [
                {
                    "pesos": [
                        -0.8983344824904379,
                        1.4188967332151896,
                        0.7289269858143762
                    ]
                },
                {
                    "pesos": [
                        -1.044205741479208,
                        -0.9251340377201603,
                        -0.6697844404295697
                    ]
                }
            ]
        },
        {
            "neuronas": [
                {
                    "pesos": [
                        -1.684346137949199,
                        1.462435036328542,
                        -0.38699096515941744
                    ]
                },
                {
                    "pesos": [
                        -0.25764972760559585,
                        0.6404751458697506,
                        -0.7172796495907583
                    ]
                }
            ]
        }
    ]
}