{
    "entradas": 2,
    "capas": [
        {
            "neuronas": [
                {
                    "pesos": [
                        -0.6852681951507055,
                        0.7040477222343404,
                        0.4206588654705107
                    ]
                },
                {
                    "pesos": [
                        -0.9444071000789144,
                        0.3703053666688542,
                        -0.3542991439712816
                    ]
                }
            ]
        },
        {
            "neuronas": [
                {
                    "pesos": [
                        -1.438513459931377,
                        0.8045302909411134,
                        0.2642770586559482
                    ]
                },
                {
                    "pesos": [
                        -0.1965484604575288,
                        -0.16819345575018574,
                        0.9442755498641071
                    ]
                }
            ]
        }
    ]
}