{
    "entradas": 2,
    "capas": [
        {
            "neuronas": [
                {
                    "pesos": [
                        -0.8651844198272334,
                        1.3342909192362244,
                        0.4436528822088864
                    ]
                },
                {
                    "pesos": [
                        -0.8657304002748697,
                        0.12536703013649028,
                        -0.5174651542177248
                    ]
                }
            ]
        },
        {
            "neuronas": [
                {
                    "pesos": [
                        -1.4461631298610083,
                        1.3578609892891476,
                        -0.7401770957417654
                    ]
                },
                {
                    "pesos": [
                        -0.1681707613299935,
                        0.3851991568590112,
                        -0.12724035852057372
                    ]
                }
            ]
        }
    ]
}