{
    "entradas": 2,
    "capas": [
        {
            "neuronas": [
                {
                    "pesos": [
                        [
                            -0.7477966894436561
                        ],
                        -0.04194652985285097,
                        0.8522016994549066
                    ]
                },
                {
                    "pesos": [
                        [
                            -0.13032538294293716
                        ],
                        -0.005914470174122943,
                        0.14616549751228902
                    ]
                }
            ]
        },
        {
            "neuronas": [
                {
                    "pesos": [
                        [
                            -0.7659126350908783
                        ],
                        -0.5198166845088761,
                        -0.05810031030751728
                    ]
                },
                {
                    "pesos": [
                        [
                            -0.12407270740743126
                        ],
                        -0.6208765064982467,
                        0.8323910765073168
                    ]
                }
            ]
        }
    ]
}